address	name	status
10001000	FUN_10001000	pseudocode-emitted
10001010	FUN_10001010	pseudocode-emitted
10001160	FUN_10001160	pseudocode-emitted
100012e0	FUN_100012e0	pseudocode-emitted
10001340	FUN_10001340	pseudocode-emitted
10001430	FUN_10001430	pseudocode-emitted
100015b0	FUN_100015b0	pseudocode-emitted
10001700	FUN_10001700	pseudocode-emitted
10001750	FUN_10001750	pseudocode-emitted
10001960	FUN_10001960	pseudocode-emitted
10001d50	FUN_10001d50	pseudocode-emitted
100020d0	FUN_100020d0	pseudocode-emitted
10002540	FUN_10002540	pseudocode-emitted
10002830	FUN_10002830	pseudocode-emitted
10002b90	FUN_10002b90	pseudocode-emitted
10002c60	FUN_10002c60	pseudocode-emitted
10002cf0	FUN_10002cf0	pseudocode-emitted
10002d80	FUN_10002d80	pseudocode-emitted
10002e10	FUN_10002e10	pseudocode-emitted
10002ea0	FUN_10002ea0	pseudocode-emitted
10002f50	FUN_10002f50	pseudocode-emitted
100032a0	FUN_100032a0	pseudocode-emitted
10003380	FUN_10003380	pseudocode-emitted
100036e0	FUN_100036e0	pseudocode-emitted
100039e0	FUN_100039e0	pseudocode-emitted
10003db0	FUN_10003db0	pseudocode-emitted
10003fe0	FUN_10003fe0	pseudocode-emitted
10004110	FUN_10004110	pseudocode-emitted
10004220	FUN_10004220	pseudocode-emitted
10004270	FUN_10004270	pseudocode-emitted
100042a0	FUN_100042a0	pseudocode-emitted
100042b0	FUN_100042b0	pseudocode-emitted
10004320	FUN_10004320	pseudocode-emitted
10004390	FUN_10004390	pseudocode-emitted
10004420	FUN_10004420	pseudocode-emitted
10004470	FUN_10004470	pseudocode-emitted
100044b0	FUN_100044b0	pseudocode-emitted
10004560	FUN_10004560	pseudocode-emitted
100045f0	FUN_100045f0	pseudocode-emitted
10004660	FUN_10004660	pseudocode-emitted
100046f0	FUN_100046f0	pseudocode-emitted
10004730	FUN_10004730	pseudocode-emitted
10004780	FUN_10004780	pseudocode-emitted
10004940	_TS_Generate@68	pseudocode-emitted
10005660	_TS_Generate_MultipleService@68	pseudocode-emitted
10005ea0	_TS_Merge@68	pseudocode-emitted
10006c80	FUN_10006c80	pseudocode-emitted
10006db0	FUN_10006db0	pseudocode-emitted
10006e10	FUN_10006e10	pseudocode-emitted
10006e90	FUN_10006e90	pseudocode-emitted
10006eb0	FUN_10006eb0	pseudocode-emitted
10006ec0	FUN_10006ec0	pseudocode-emitted
10006ed0	FUN_10006ed0	pseudocode-emitted
10006ee0	FUN_10006ee0	pseudocode-emitted
10006ef0	FUN_10006ef0	pseudocode-emitted
10006f10	FUN_10006f10	pseudocode-emitted
10006f40	FUN_10006f40	pseudocode-emitted
10006fd0	FUN_10006fd0	pseudocode-emitted
10007060	FUN_10007060	pseudocode-emitted
10007130	FUN_10007130	pseudocode-emitted
100075e0	FUN_100075e0	pseudocode-emitted
10007610	FUN_10007610	pseudocode-emitted
10007b10	FUN_10007b10	pseudocode-emitted
10007b20	FUN_10007b20	pseudocode-emitted
10008040	FUN_10008040	pseudocode-emitted
10008060	OnCancel	pseudocode-emitted
10008070	FUN_10008070	pseudocode-emitted
100080e0	FUN_100080e0	pseudocode-emitted
10008200	FUN_10008200	pseudocode-emitted
10008290	FUN_10008290	pseudocode-emitted
10008300	FUN_10008300	pseudocode-emitted
10008390	FUN_10008390	pseudocode-emitted
10008400	FUN_10008400	pseudocode-emitted
100084e0	FUN_100084e0	pseudocode-emitted
10008670	FUN_10008670	pseudocode-emitted
100086d0	FUN_100086d0	pseudocode-emitted
100087b0	FUN_100087b0	pseudocode-emitted
10008830	FUN_10008830	pseudocode-emitted
10008960	FUN_10008960	pseudocode-emitted
100089d0	FUN_100089d0	pseudocode-emitted
10008a60	FUN_10008a60	pseudocode-emitted
10008ad0	FUN_10008ad0	pseudocode-emitted
10008b70	FUN_10008b70	pseudocode-emitted
10008bf0	FUN_10008bf0	pseudocode-emitted
10008c50	FUN_10008c50	pseudocode-emitted
10008c90	FUN_10008c90	pseudocode-emitted
10008d90	FUN_10008d90	pseudocode-emitted
10008e10	FUN_10008e10	pseudocode-emitted
10008ed0	FUN_10008ed0	pseudocode-emitted
10009390	FUN_10009390	pseudocode-emitted
10009790	FUN_10009790	pseudocode-emitted
100098c0	FUN_100098c0	pseudocode-emitted
100099f0	FUN_100099f0	pseudocode-emitted
10009a40	FUN_10009a40	pseudocode-emitted
10009dd0	FUN_10009dd0	pseudocode-emitted
10009e40	FUN_10009e40	pseudocode-emitted
10009ff0	FUN_10009ff0	pseudocode-emitted
1000a080	FUN_1000a080	pseudocode-emitted
1000a110	FUN_1000a110	pseudocode-emitted
1000a1b0	FUN_1000a1b0	pseudocode-emitted
1000a330	FUN_1000a330	pseudocode-emitted
1000a3c0	FUN_1000a3c0	pseudocode-emitted
1000a7f0	FUN_1000a7f0	pseudocode-emitted
1000a830	FUN_1000a830	pseudocode-emitted
1000a8d0	FUN_1000a8d0	pseudocode-emitted
1000a980	FUN_1000a980	pseudocode-emitted
1000aa00	FUN_1000aa00	pseudocode-emitted
1000ab60	FUN_1000ab60	pseudocode-emitted
1000adc0	FUN_1000adc0	pseudocode-emitted
1000ae50	FUN_1000ae50	pseudocode-emitted
1000aed0	FUN_1000aed0	pseudocode-emitted
1000af50	FUN_1000af50	pseudocode-emitted
1000b070	FUN_1000b070	pseudocode-emitted
1000b190	FUN_1000b190	pseudocode-emitted
1000b210	FUN_1000b210	pseudocode-emitted
1000b340	FUN_1000b340	pseudocode-emitted
1000b3b0	FUN_1000b3b0	pseudocode-emitted
1000b3f0	FUN_1000b3f0	pseudocode-emitted
1000bc70	FUN_1000bc70	pseudocode-emitted
1000c070	FUN_1000c070	pseudocode-emitted
1000c0e0	FUN_1000c0e0	pseudocode-emitted
1000c100	FUN_1000c100	pseudocode-emitted
1000c160	FUN_1000c160	pseudocode-emitted
1000c200	FUN_1000c200	pseudocode-emitted
1000c480	FUN_1000c480	pseudocode-emitted
1000c5a0	FUN_1000c5a0	pseudocode-emitted
1000c630	FUN_1000c630	pseudocode-emitted
1000c880	FUN_1000c880	pseudocode-emitted
1000c9e0	FUN_1000c9e0	pseudocode-emitted
1000cb70	FUN_1000cb70	pseudocode-emitted
1000cdf0	FUN_1000cdf0	pseudocode-emitted
1000cf00	FUN_1000cf00	pseudocode-emitted
1000d150	FUN_1000d150	pseudocode-emitted
1000d240	FUN_1000d240	pseudocode-emitted
1000d3c0	FUN_1000d3c0	pseudocode-emitted
1000d8d0	FUN_1000d8d0	pseudocode-emitted
1000dad0	FUN_1000dad0	pseudocode-emitted
1000db50	FUN_1000db50	pseudocode-emitted
1000dc50	FUN_1000dc50	pseudocode-emitted
1000dd40	FUN_1000dd40	pseudocode-emitted
1000de10	FUN_1000de10	pseudocode-emitted
1000df90	FUN_1000df90	pseudocode-emitted
1000e060	FUN_1000e060	pseudocode-emitted
1000e270	FUN_1000e270	pseudocode-emitted
1000e550	FUN_1000e550	pseudocode-emitted
1000e8b0	FUN_1000e8b0	pseudocode-emitted
1000e980	FUN_1000e980	pseudocode-emitted
1000ea90	operator_delete	pseudocode-emitted
1000ea96	operator_new	pseudocode-emitted
1000ea9c	GetConnectionHook	pseudocode-emitted
1000eaa2	GetExtraConnectionPoints	pseudocode-emitted
1000eaa8	GetInterfaceHook	pseudocode-emitted
1000eaae	OnCreateAggregates	pseudocode-emitted
1000eab4	GetEventSinkMap	pseudocode-emitted
1000eaba	GetConnectionMap	pseudocode-emitted
1000eac0	GetDispatchMap	pseudocode-emitted
1000eac6	GetCommandMap	pseudocode-emitted
1000eacc	GetTypeLib	pseudocode-emitted
1000ead2	GetTypeLibCache	pseudocode-emitted
1000ead8	GetTypeInfoCount	pseudocode-emitted
1000eade	GetDispatchIID	pseudocode-emitted
1000eae4	IsInvokeAllowed	pseudocode-emitted
1000eaea	OnCmdMsg	pseudocode-emitted
1000eaf0	OnChildNotify	pseudocode-emitted
1000eaf6	DeleteItem	pseudocode-emitted
1000eafc	CompareItem	pseudocode-emitted
1000eb02	MeasureItem	pseudocode-emitted
1000eb08	DrawItem	pseudocode-emitted
1000eb0e	Create	pseudocode-emitted
1000eb14	GetRuntimeClass	pseudocode-emitted
1000eb20	PreInitDialog	pseudocode-emitted
1000eb26	GetOccDialogInfo	pseudocode-emitted
1000eb2c	SetOccDialogInfo	pseudocode-emitted
1000eb32	CheckAutoCenter	pseudocode-emitted
1000eb38	OnCmdMsg	pseudocode-emitted
1000eb3e	PreTranslateMessage	pseudocode-emitted
1000eb44	OnOK	pseudocode-emitted
1000eb4a	OnSetFont	pseudocode-emitted
1000eb50	DoModal	pseudocode-emitted
1000eb56	CreateIndirect	pseudocode-emitted
1000eb5c	CreateIndirect	pseudocode-emitted
1000eb62	Create	pseudocode-emitted
1000eb68	GetRuntimeClass	pseudocode-emitted
1000eb6e	GetMessageMap	pseudocode-emitted
1000eb74	GetOccDialogInfo	pseudocode-emitted
1000eb7a	SetOccDialogInfo	pseudocode-emitted
1000eb80	CreateControlSite	pseudocode-emitted
1000eb86	CreateControlContainer	pseudocode-emitted
1000eb8c	OnFinalRelease	pseudocode-emitted
1000eb92	IsFrameWnd	pseudocode-emitted
1000eb98	CheckAutoCenter	pseudocode-emitted
1000eb9e	OnGesturePressAndTap	pseudocode-emitted
1000eba4	OnGestureTwoFingerTap	pseudocode-emitted
1000ebaa	OnGestureRotate	pseudocode-emitted
1000ebb0	OnGesturePan	pseudocode-emitted
1000ebb6	OnGestureZoom	pseudocode-emitted
1000ebbc	GetGestureStatus	pseudocode-emitted
1000ebc2	OnTouchInput	pseudocode-emitted
1000ebc8	OnTouchInputs	pseudocode-emitted
1000ebce	OnChildNotify	pseudocode-emitted
1000ebd4	PostNcDestroy	pseudocode-emitted
1000ebda	DefWindowProcA	pseudocode-emitted
1000ebe0	OnWndMsg	pseudocode-emitted
1000ebe6	WindowProc	pseudocode-emitted
1000ebec	OnAmbientProperty	pseudocode-emitted
1000ebf2	PreTranslateMessage	pseudocode-emitted
1000ebf8	GetSuperWndProcAddr	pseudocode-emitted
1000ebfe	OnNotify	pseudocode-emitted
1000ec04	OnCommand	pseudocode-emitted
1000ec0a	CreateAccessibleProxy	pseudocode-emitted
1000ec10	SetProxy	pseudocode-emitted
1000ec16	put_accValue	pseudocode-emitted
1000ec1c	put_accName	pseudocode-emitted
1000ec22	accDoDefaultAction	pseudocode-emitted
1000ec28	accHitTest	pseudocode-emitted
1000ec2e	accNavigate	pseudocode-emitted
1000ec34	accLocation	pseudocode-emitted
1000ec3a	accSelect	pseudocode-emitted
1000ec40	get_accDefaultAction	pseudocode-emitted
1000ec46	get_accSelection	pseudocode-emitted
1000ec4c	get_accFocus	pseudocode-emitted
1000ec52	get_accKeyboardShortcut	pseudocode-emitted
1000ec58	get_accHelpTopic	pseudocode-emitted
1000ec5e	get_accHelp	pseudocode-emitted
1000ec64	get_accState	pseudocode-emitted
1000ec6a	get_accRole	pseudocode-emitted
1000ec70	get_accDescription	pseudocode-emitted
1000ec76	get_accValue	pseudocode-emitted
1000ec7c	get_accName	pseudocode-emitted
1000ec82	get_accChild	pseudocode-emitted
1000ec88	get_accChildCount	pseudocode-emitted
1000ec8e	get_accParent	pseudocode-emitted
1000ec94	EnsureStdObj	pseudocode-emitted
1000ec9a	GetInterfaceMap	pseudocode-emitted
1000eca0	OnDrawIconicThumbnailOrLivePreview	pseudocode-emitted
1000eca6	EndModalLoop	pseudocode-emitted
1000ecac	ContinueModal	pseudocode-emitted
1000ecb2	WinHelpInternal	pseudocode-emitted
1000ecb8	HtmlHelpA	pseudocode-emitted
1000ecbe	WinHelpA	pseudocode-emitted
1000ecc4	GetScrollBarCtrl	pseudocode-emitted
1000ecca	OnToolHitTest	pseudocode-emitted
1000ecd0	SetMenu	pseudocode-emitted
1000ecd6	GetMenu	pseudocode-emitted
1000ecdc	CalcWindowRect	pseudocode-emitted
1000ece2	PreCreateWindow	pseudocode-emitted
1000ece8	DestroyWindow	pseudocode-emitted
1000ecee	CreateEx	pseudocode-emitted
1000ecf4	CreateEx	pseudocode-emitted
1000ecfa	Create	pseudocode-emitted
1000ed00	PreSubclassWindow	pseudocode-emitted
1000ed06	FUN_1000ed06	pseudocode-emitted
1000ed51	FUN_1000ed51	pseudocode-emitted
1000edfe	Catch@1000edfe	pseudocode-emitted
1000ee27	FUN_1000ee27	pseudocode-emitted
1000eee1	_RawDllMain@12	pseudocode-emitted
1000ef3f	_DllMain@12	pseudocode-emitted
1000ef7e	FUN_1000ef7e	pseudocode-emitted
1000ef9e	FUN_1000ef9e	pseudocode-emitted
1000efb0	FUN_1000efb0	pseudocode-emitted
1000efb9	__security_check_cookie	pseudocode-emitted
1000efc8	FID_conflict:`vector_deleting_destructor'	pseudocode-emitted
1000f014	__ArrayUnwind	pseudocode-emitted
1000f072	`eh_vector_destructor_iterator'	pseudocode-emitted
1000f0bd	FUN_1000f0bd	pseudocode-emitted
1000f0d5	__onexit	pseudocode-emitted
1000f16d	FUN_1000f16d	pseudocode-emitted
1000f176	_atexit	pseudocode-emitted
1000f1db	__CRT_INIT@12	pseudocode-emitted
1000f3e5	___DllMainCRTStartup	pseudocode-emitted
1000f4f0	FUN_1000f4f0	pseudocode-emitted
1000f4fb	entry	pseudocode-emitted
1000f51e	__CxxFrameHandler3	pseudocode-emitted
1000f524	FUN_1000f524	pseudocode-emitted
1000f557	__EH_prolog3_catch	pseudocode-emitted
1000f58d	__EH_epilog3	pseudocode-emitted
1000f5a1	___report_gsfailure	pseudocode-emitted
1000f6b0	__SEH_prolog4	pseudocode-emitted
1000f6f5	__SEH_epilog4	pseudocode-emitted
1000f709	FUN_1000f709	pseudocode-emitted
1000f72e	_unlock	pseudocode-emitted
1000f734	__dllonexit	pseudocode-emitted
1000f73a	_lock	pseudocode-emitted
1000f7a0	__ValidateImageBase	pseudocode-emitted
1000f7e0	__FindPESection	pseudocode-emitted
1000f830	__IsNonwritableInCurrentImage	pseudocode-emitted
1000f8ec	initterm	pseudocode-emitted
1000f8f2	initterm_e	pseudocode-emitted
1000f8f8	_amsg_exit	pseudocode-emitted
1000f904	___security_init_cookie	pseudocode-emitted
1000f9a0	_crt_debugger_hook	pseudocode-emitted
1000f9a6	_type_info_dtor_internal_method	pseudocode-emitted
1000f9ac	except_handler4_common	pseudocode-emitted
1000f9b8	~AFX_MODULE_STATE	pseudocode-emitted
1000f9be	~AFX_MAINTAIN_STATE2	pseudocode-emitted
1000f9c4	AfxWndProc	pseudocode-emitted
1000f9ca	AFX_MAINTAIN_STATE2	pseudocode-emitted
1000f9d0	AfxTermThread	pseudocode-emitted
1000f9d6	AfxTermExtensionModule	pseudocode-emitted
1000f9dc	AfxUnlockTempMaps	pseudocode-emitted
1000f9e2	AfxLockTempMaps	pseudocode-emitted
1000f9e8	AfxSetModuleState	pseudocode-emitted
1000f9ee	Delete	pseudocode-emitted
1000f9f4	CDynLinkLibrary	pseudocode-emitted
1000f9fa	AfxInitExtensionModule	pseudocode-emitted
1000fa00	AfxWinTerm	pseudocode-emitted
1000fa06	AfxWinInit	pseudocode-emitted
1000fa0c	AfxGetThreadState	pseudocode-emitted
1000fa12	AfxCoreInitModule	pseudocode-emitted
1000fa18	AfxGetModuleState	pseudocode-emitted
1000fa1e	AFX_MODULE_STATE	pseudocode-emitted
1000fa24	operator_delete	pseudocode-emitted
1000fa2a	__IsNonwritableInCurrentImage	pseudocode-emitted
1000faea	__RawDllMainProxy@12	pseudocode-emitted
1000fb14	memcpy	pseudocode-emitted
1000fb20	__aulldvrm	pseudocode-emitted
1000fbb6	memset	pseudocode-emitted
1000fbc0	Unwind@1000fbc0	pseudocode-emitted
1000fbe3	Unwind@1000fbe3	pseudocode-emitted
1000fbec	Unwind@1000fbec	pseudocode-emitted
1000fc10	Unwind@1000fc10	pseudocode-emitted
1000fc40	Unwind@1000fc40	pseudocode-emitted
1000fc70	Unwind@1000fc70	pseudocode-emitted
1000fca0	Unwind@1000fca0	pseudocode-emitted
1000fcd0	Unwind@1000fcd0	pseudocode-emitted
1000fcd9	Unwind@1000fcd9	pseudocode-emitted
1000fce8	Unwind@1000fce8	pseudocode-emitted
1000fcf7	Unwind@1000fcf7	pseudocode-emitted
1000fd06	Unwind@1000fd06	pseudocode-emitted
1000fd15	Unwind@1000fd15	pseudocode-emitted
1000fd24	Unwind@1000fd24	pseudocode-emitted
1000fd33	Unwind@1000fd33	pseudocode-emitted
1000fd42	Unwind@1000fd42	pseudocode-emitted
1000fd51	Unwind@1000fd51	pseudocode-emitted
1000fd60	Unwind@1000fd60	pseudocode-emitted
1000fd6f	Unwind@1000fd6f	pseudocode-emitted
1000fd7e	Unwind@1000fd7e	pseudocode-emitted
1000fd8d	Unwind@1000fd8d	pseudocode-emitted
1000fd9b	Unwind@1000fd9b	pseudocode-emitted
1000fda9	Unwind@1000fda9	pseudocode-emitted
1000fdd0	Unwind@1000fdd0	pseudocode-emitted
1000fddc	Unwind@1000fddc	pseudocode-emitted
1000fdee	Unwind@1000fdee	pseudocode-emitted
1000fe00	Unwind@1000fe00	pseudocode-emitted
1000fe12	Unwind@1000fe12	pseudocode-emitted
1000fe24	Unwind@1000fe24	pseudocode-emitted
1000fe36	Unwind@1000fe36	pseudocode-emitted
1000fe48	Unwind@1000fe48	pseudocode-emitted
1000fe5a	Unwind@1000fe5a	pseudocode-emitted
1000fe6c	Unwind@1000fe6c	pseudocode-emitted
1000fe7e	Unwind@1000fe7e	pseudocode-emitted
1000fe90	Unwind@1000fe90	pseudocode-emitted
1000fea2	Unwind@1000fea2	pseudocode-emitted
1000feb4	Unwind@1000feb4	pseudocode-emitted
1000fec5	Unwind@1000fec5	pseudocode-emitted
1000fed6	Unwind@1000fed6	pseudocode-emitted
1000fee7	Unwind@1000fee7	pseudocode-emitted
1000fef9	Unwind@1000fef9	pseudocode-emitted
10010110	FUN_10010110	pseudocode-emitted
10010120	FUN_10010120	pseudocode-emitted
10010130	FUN_10010130	pseudocode-emitted
10010140	FUN_10010140	pseudocode-emitted
10010150	FUN_10010150	pseudocode-emitted
10010160	FUN_10010160	pseudocode-emitted
10010170	FUN_10010170	pseudocode-emitted
10010180	FUN_10010180	pseudocode-emitted
10010190	FUN_10010190	pseudocode-emitted
100101a0	FUN_100101a0	pseudocode-emitted
100101b0	FUN_100101b0	pseudocode-emitted
100101c0	FUN_100101c0	pseudocode-emitted
100101d0	FUN_100101d0	pseudocode-emitted
100101db	FUN_100101db	pseudocode-emitted
